file,row,column,table,cell,published,digits,note
table1.csv,1,reproduced_all,Table 1,Wave 1 | Number of stores in sample frame | all,473.0,0,not identifiable from 410-row respondent file
table1.csv,1,reproduced_NJ,Table 1,Wave 1 | Number of stores in sample frame | NJ,364.0,0,not identifiable from 410-row respondent file
table1.csv,1,reproduced_PA,Table 1,Wave 1 | Number of stores in sample frame | PA,109.0,0,not identifiable from 410-row respondent file
table1.csv,2,reproduced_all,Table 1,Wave 1 | Number of refusals | all,63.0,0,not identifiable from 410-row respondent file
table1.csv,2,reproduced_NJ,Table 1,Wave 1 | Number of refusals | NJ,33.0,0,not identifiable from 410-row respondent file
table1.csv,2,reproduced_PA,Table 1,Wave 1 | Number of refusals | PA,30.0,0,not identifiable from 410-row respondent file
table1.csv,3,reproduced_all,Table 1,Wave 1 | Number interviewed | all,410.0,0,identified by row/state counts
table1.csv,3,reproduced_NJ,Table 1,Wave 1 | Number interviewed | NJ,331.0,0,identified by row/state counts
table1.csv,3,reproduced_PA,Table 1,Wave 1 | Number interviewed | PA,79.0,0,identified by row/state counts
table1.csv,4,reproduced_all,Table 1,Wave 1 | Response rate (percentage) | all,86.7,1,requires original sample frame
table1.csv,4,reproduced_NJ,Table 1,Wave 1 | Response rate (percentage) | NJ,90.9,1,requires original sample frame
table1.csv,4,reproduced_PA,Table 1,Wave 1 | Response rate (percentage) | PA,72.5,1,requires original sample frame
table1.csv,5,reproduced_all,Table 1,Wave 2 | Number of stores in sample frame | all,410.0,0,
table1.csv,5,reproduced_NJ,Table 1,Wave 2 | Number of stores in sample frame | NJ,331.0,0,
table1.csv,5,reproduced_PA,Table 1,Wave 2 | Number of stores in sample frame | PA,79.0,0,
table1.csv,6,reproduced_all,Table 1,Wave 2 | Number closed | all,6.0,0,
table1.csv,6,reproduced_NJ,Table 1,Wave 2 | Number closed | NJ,5.0,0,
table1.csv,6,reproduced_PA,Table 1,Wave 2 | Number closed | PA,1.0,0,
table1.csv,7,reproduced_all,Table 1,Wave 2 | Number under renovation | all,2.0,0,
table1.csv,7,reproduced_NJ,Table 1,Wave 2 | Number under renovation | NJ,2.0,0,
table1.csv,7,reproduced_PA,Table 1,Wave 2 | Number under renovation | PA,0.0,0,
table1.csv,8,reproduced_all,Table 1,Wave 2 | Number temporarily closed | all,2.0,0,
table1.csv,8,reproduced_NJ,Table 1,Wave 2 | Number temporarily closed | NJ,2.0,0,
table1.csv,8,reproduced_PA,Table 1,Wave 2 | Number temporarily closed | PA,0.0,0,
table1.csv,9,reproduced_all,Table 1,Wave 2 | Number of refusals | all,1.0,0,
table1.csv,9,reproduced_NJ,Table 1,Wave 2 | Number of refusals | NJ,1.0,0,
table1.csv,9,reproduced_PA,Table 1,Wave 2 | Number of refusals | PA,0.0,0,
table1.csv,10,reproduced_all,Table 1,Wave 2 | Number interviewed | all,399.0,0,
table1.csv,10,reproduced_NJ,Table 1,Wave 2 | Number interviewed | NJ,321.0,0,
table1.csv,10,reproduced_PA,Table 1,Wave 2 | Number interviewed | PA,78.0,0,
table2.csv,1,NJ_mean,Table 2,Store types | Burger King | NJ mean,41.1,1,
table2.csv,1,PA_mean,Table 2,Store types | Burger King | PA mean,44.3,1,
table2.csv,1,t_stat,Table 2,Store types | Burger King | t,-0.5,1,
table2.csv,2,NJ_mean,Table 2,Store types | KFC | NJ mean,20.5,1,
table2.csv,2,PA_mean,Table 2,Store types | KFC | PA mean,15.2,1,
table2.csv,2,t_stat,Table 2,Store types | KFC | t,1.2,1,
table2.csv,3,NJ_mean,Table 2,Store types | Roy Rogers | NJ mean,24.8,1,
table2.csv,3,PA_mean,Table 2,Store types | Roy Rogers | PA mean,21.5,1,
table2.csv,3,t_stat,Table 2,Store types | Roy Rogers | t,0.6,1,
table2.csv,4,NJ_mean,Table 2,Store types | Wendy's | NJ mean,13.6,1,
table2.csv,4,PA_mean,Table 2,Store types | Wendy's | PA mean,19.0,1,
table2.csv,4,t_stat,Table 2,Store types | Wendy's | t,-1.1,1,
table2.csv,5,NJ_mean,Table 2,Store types | Company-owned | NJ mean,34.1,1,
table2.csv,5,PA_mean,Table 2,Store types | Company-owned | PA mean,35.4,1,
table2.csv,5,t_stat,Table 2,Store types | Company-owned | t,-0.2,1,
table2.csv,6,NJ_mean,Table 2,Wave 1 | FTE employment | NJ mean,20.4,1,
table2.csv,6,NJ_se,Table 2,Wave 1 | FTE employment | NJ SE,0.51,2,
table2.csv,6,PA_mean,Table 2,Wave 1 | FTE employment | PA mean,23.3,1,
table2.csv,6,PA_se,Table 2,Wave 1 | FTE employment | PA SE,1.35,2,
table2.csv,6,t_stat,Table 2,Wave 1 | FTE employment | t,-2.0,1,
table2.csv,7,NJ_mean,Table 2,Wave 1 | Percentage full-time employees | NJ mean,32.8,1,
table2.csv,7,NJ_se,Table 2,Wave 1 | Percentage full-time employees | NJ SE,1.3,1,
table2.csv,7,PA_mean,Table 2,Wave 1 | Percentage full-time employees | PA mean,35.0,1,
table2.csv,7,PA_se,Table 2,Wave 1 | Percentage full-time employees | PA SE,2.7,1,
table2.csv,7,t_stat,Table 2,Wave 1 | Percentage full-time employees | t,-0.7,1,
table2.csv,8,NJ_mean,Table 2,Wave 1 | Starting wage | NJ mean,4.61,2,
table2.csv,8,NJ_se,Table 2,Wave 1 | Starting wage | NJ SE,0.02,2,
table2.csv,8,PA_mean,Table 2,Wave 1 | Starting wage | PA mean,4.63,2,
table2.csv,8,PA_se,Table 2,Wave 1 | Starting wage | PA SE,0.04,2,
table2.csv,8,t_stat,Table 2,Wave 1 | Starting wage | t,-0.4,1,
table2.csv,9,NJ_mean,Table 2,Wave 1 | Wage = $4.25 (percentage) | NJ mean,30.5,1,
table2.csv,9,NJ_se,Table 2,Wave 1 | Wage = $4.25 (percentage) | NJ SE,2.5,1,
table2.csv,9,PA_mean,Table 2,Wave 1 | Wage = $4.25 (percentage) | PA mean,32.9,1,
table2.csv,9,PA_se,Table 2,Wave 1 | Wage = $4.25 (percentage) | PA SE,5.3,1,
table2.csv,9,t_stat,Table 2,Wave 1 | Wage = $4.25 (percentage) | t,-0.4,1,
table2.csv,10,NJ_mean,Table 2,Wave 1 | Price of full meal | NJ mean,3.35,2,
table2.csv,10,NJ_se,Table 2,Wave 1 | Price of full meal | NJ SE,0.04,2,
table2.csv,10,PA_mean,Table 2,Wave 1 | Price of full meal | PA mean,3.04,2,
table2.csv,10,PA_se,Table 2,Wave 1 | Price of full meal | PA SE,0.07,2,
table2.csv,10,t_stat,Table 2,Wave 1 | Price of full meal | t,4.0,1,
table2.csv,11,NJ_mean,Table 2,Wave 1 | Hours open (weekday) | NJ mean,14.4,1,
table2.csv,11,NJ_se,Table 2,Wave 1 | Hours open (weekday) | NJ SE,0.2,1,
table2.csv,11,PA_mean,Table 2,Wave 1 | Hours open (weekday) | PA mean,14.5,1,
table2.csv,11,PA_se,Table 2,Wave 1 | Hours open (weekday) | PA SE,0.3,1,
table2.csv,11,t_stat,Table 2,Wave 1 | Hours open (weekday) | t,-0.3,1,
table2.csv,12,NJ_mean,Table 2,Wave 1 | Recruiting bonus (percentage) | NJ mean,23.6,1,
table2.csv,12,NJ_se,Table 2,Wave 1 | Recruiting bonus (percentage) | NJ SE,2.3,1,
table2.csv,12,PA_mean,Table 2,Wave 1 | Recruiting bonus (percentage) | PA mean,29.1,1,
table2.csv,12,PA_se,Table 2,Wave 1 | Recruiting bonus (percentage) | PA SE,5.1,1,
table2.csv,12,t_stat,Table 2,Wave 1 | Recruiting bonus (percentage) | t,-1.0,1,
table2.csv,13,NJ_mean,Table 2,Wave 2 | FTE employment | NJ mean,21.0,1,
table2.csv,13,NJ_se,Table 2,Wave 2 | FTE employment | NJ SE,0.52,2,
table2.csv,13,PA_mean,Table 2,Wave 2 | FTE employment | PA mean,21.2,1,
table2.csv,13,PA_se,Table 2,Wave 2 | FTE employment | PA SE,0.94,2,
table2.csv,13,t_stat,Table 2,Wave 2 | FTE employment | t,-0.2,1,
table2.csv,14,NJ_mean,Table 2,Wave 2 | Percentage full-time employees | NJ mean,35.9,1,
table2.csv,14,NJ_se,Table 2,Wave 2 | Percentage full-time employees | NJ SE,1.4,1,
table2.csv,14,PA_mean,Table 2,Wave 2 | Percentage full-time employees | PA mean,30.4,1,
table2.csv,14,PA_se,Table 2,Wave 2 | Percentage full-time employees | PA SE,2.8,1,
table2.csv,14,t_stat,Table 2,Wave 2 | Percentage full-time employees | t,1.8,1,
table2.csv,15,NJ_mean,Table 2,Wave 2 | Starting wage | NJ mean,5.08,2,
table2.csv,15,NJ_se,Table 2,Wave 2 | Starting wage | NJ SE,0.01,2,
table2.csv,15,PA_mean,Table 2,Wave 2 | Starting wage | PA mean,4.62,2,
table2.csv,15,PA_se,Table 2,Wave 2 | Starting wage | PA SE,0.04,2,
table2.csv,15,t_stat,Table 2,Wave 2 | Starting wage | t,10.8,1,
table2.csv,16,NJ_mean,Table 2,Wave 2 | Wage = $4.25 (percentage) | NJ mean,0.0,1,
table2.csv,16,PA_mean,Table 2,Wave 2 | Wage = $4.25 (percentage) | PA mean,25.3,1,
table2.csv,16,PA_se,Table 2,Wave 2 | Wage = $4.25 (percentage) | PA SE,4.9,1,
table2.csv,17,NJ_mean,Table 2,Wave 2 | Wage = $5.05 (percentage) | NJ mean,85.2,1,released file gives 85.50%; paper prints 85.2%
table2.csv,17,NJ_se,Table 2,Wave 2 | Wage = $5.05 (percentage) | NJ SE,2.0,1,
table2.csv,17,PA_mean,Table 2,Wave 2 | Wage = $5.05 (percentage) | PA mean,1.3,1,
table2.csv,17,PA_se,Table 2,Wave 2 | Wage = $5.05 (percentage) | PA SE,1.3,1,
table2.csv,17,t_stat,Table 2,Wave 2 | Wage = $5.05 (percentage) | t,36.1,1,
table2.csv,18,NJ_mean,Table 2,Wave 2 | Price of full meal | NJ mean,3.41,2,
table2.csv,18,NJ_se,Table 2,Wave 2 | Price of full meal | NJ SE,0.04,2,
table2.csv,18,PA_mean,Table 2,Wave 2 | Price of full meal | PA mean,3.03,2,
table2.csv,18,PA_se,Table 2,Wave 2 | Price of full meal | PA SE,0.07,2,
table2.csv,18,t_stat,Table 2,Wave 2 | Price of full meal | t,5.0,1,
table2.csv,19,NJ_mean,Table 2,Wave 2 | Hours open (weekday) | NJ mean,14.4,1,
table2.csv,19,NJ_se,Table 2,Wave 2 | Hours open (weekday) | NJ SE,0.2,1,
table2.csv,19,PA_mean,Table 2,Wave 2 | Hours open (weekday) | PA mean,14.7,1,
table2.csv,19,PA_se,Table 2,Wave 2 | Hours open (weekday) | PA SE,0.3,1,
table2.csv,19,t_stat,Table 2,Wave 2 | Hours open (weekday) | t,-0.8,1,
table2.csv,20,NJ_mean,Table 2,Wave 2 | Recruiting bonus (percentage) | NJ mean,20.3,1,
table2.csv,20,NJ_se,Table 2,Wave 2 | Recruiting bonus (percentage) | NJ SE,2.3,1,
table2.csv,20,PA_mean,Table 2,Wave 2 | Recruiting bonus (percentage) | PA mean,23.4,1,
table2.csv,20,PA_se,Table 2,Wave 2 | Recruiting bonus (percentage) | PA SE,4.9,1,
table2.csv,20,t_stat,Table 2,Wave 2 | Recruiting bonus (percentage) | t,-0.6,1,
table3.csv,1,PA,Table 3,row 1 | PA | estimate,23.33,2,
table3.csv,1,PA_se,Table 3,row 1 | PA | SE,1.35,2,
table3.csv,1,NJ,Table 3,row 1 | NJ | estimate,20.44,2,
table3.csv,1,NJ_se,Table 3,row 1 | NJ | SE,0.51,2,
table3.csv,1,NJ_minus_PA,Table 3,row 1 | NJ_minus_PA | estimate,-2.89,2,
table3.csv,1,NJ_minus_PA_se,Table 3,row 1 | NJ_minus_PA | SE,1.44,2,
table3.csv,1,NJ_low,Table 3,row 1 | NJ_low | estimate,19.56,2,
table3.csv,1,NJ_low_se,Table 3,row 1 | NJ_low | SE,0.77,2,
table3.csv,1,NJ_mid,Table 3,row 1 | NJ_mid | estimate,20.08,2,
table3.csv,1,NJ_mid_se,Table 3,row 1 | NJ_mid | SE,0.84,2,
table3.csv,1,NJ_high,Table 3,row 1 | NJ_high | estimate,22.25,2,
table3.csv,1,NJ_high_se,Table 3,row 1 | NJ_high | SE,1.14,2,
table3.csv,1,low_minus_high,Table 3,row 1 | low_minus_high | estimate,-2.69,2,
table3.csv,1,low_minus_high_se,Table 3,row 1 | low_minus_high | SE,1.37,2,
table3.csv,1,mid_minus_high,Table 3,row 1 | mid_minus_high | estimate,-2.17,2,
table3.csv,1,mid_minus_high_se,Table 3,row 1 | mid_minus_high | SE,1.41,2,
table3.csv,2,PA,Table 3,row 2 | PA | estimate,21.17,2,
table3.csv,2,PA_se,Table 3,row 2 | PA | SE,0.94,2,
table3.csv,2,NJ,Table 3,row 2 | NJ | estimate,21.03,2,
table3.csv,2,NJ_se,Table 3,row 2 | NJ | SE,0.52,2,
table3.csv,2,NJ_minus_PA,Table 3,row 2 | NJ_minus_PA | estimate,-0.14,2,
table3.csv,2,NJ_minus_PA_se,Table 3,row 2 | NJ_minus_PA | SE,1.07,2,
table3.csv,2,NJ_low,Table 3,row 2 | NJ_low | estimate,20.88,2,
table3.csv,2,NJ_low_se,Table 3,row 2 | NJ_low | SE,1.01,2,
table3.csv,2,NJ_mid,Table 3,row 2 | NJ_mid | estimate,20.96,2,
table3.csv,2,NJ_mid_se,Table 3,row 2 | NJ_mid | SE,0.76,2,
table3.csv,2,NJ_high,Table 3,row 2 | NJ_high | estimate,20.21,2,
table3.csv,2,NJ_high_se,Table 3,row 2 | NJ_high | SE,1.03,2,
table3.csv,2,low_minus_high,Table 3,row 2 | low_minus_high | estimate,0.67,2,
table3.csv,2,low_minus_high_se,Table 3,row 2 | low_minus_high | SE,1.44,2,
table3.csv,2,mid_minus_high,Table 3,row 2 | mid_minus_high | estimate,0.75,2,
table3.csv,2,mid_minus_high_se,Table 3,row 2 | mid_minus_high | SE,1.27,2,
table3.csv,3,PA,Table 3,row 3 | PA | estimate,-2.16,2,row-3 SE calculation is not documented in the released code
table3.csv,3,PA_se,Table 3,row 3 | PA | SE,1.25,2,row-3 SE calculation is not documented in the released code
table3.csv,3,NJ,Table 3,row 3 | NJ | estimate,0.59,2,row-3 SE calculation is not documented in the released code
table3.csv,3,NJ_se,Table 3,row 3 | NJ | SE,0.54,2,row-3 SE calculation is not documented in the released code
table3.csv,3,NJ_minus_PA,Table 3,row 3 | NJ_minus_PA | estimate,2.76,2,row-3 SE calculation is not documented in the released code
table3.csv,3,NJ_minus_PA_se,Table 3,row 3 | NJ_minus_PA | SE,1.36,2,row-3 SE calculation is not documented in the released code
table3.csv,3,NJ_low,Table 3,row 3 | NJ_low | estimate,1.32,2,row-3 SE calculation is not documented in the released code
table3.csv,3,NJ_low_se,Table 3,row 3 | NJ_low | SE,0.95,2,row-3 SE calculation is not documented in the released code
table3.csv,3,NJ_mid,Table 3,row 3 | NJ_mid | estimate,0.87,2,row-3 SE calculation is not documented in the released code
table3.csv,3,NJ_mid_se,Table 3,row 3 | NJ_mid | SE,0.84,2,row-3 SE calculation is not documented in the released code
table3.csv,3,NJ_high,Table 3,row 3 | NJ_high | estimate,-2.04,2,row-3 SE calculation is not documented in the released code
table3.csv,3,NJ_high_se,Table 3,row 3 | NJ_high | SE,1.14,2,row-3 SE calculation is not documented in the released code
table3.csv,3,low_minus_high,Table 3,row 3 | low_minus_high | estimate,3.36,2,row-3 SE calculation is not documented in the released code
table3.csv,3,low_minus_high_se,Table 3,row 3 | low_minus_high | SE,1.48,2,row-3 SE calculation is not documented in the released code
table3.csv,3,mid_minus_high,Table 3,row 3 | mid_minus_high | estimate,2.91,2,row-3 SE calculation is not documented in the released code
table3.csv,3,mid_minus_high_se,Table 3,row 3 | mid_minus_high | SE,1.41,2,row-3 SE calculation is not documented in the released code
table3.csv,4,PA,Table 3,row 4 | PA | estimate,-2.28,2,
table3.csv,4,PA_se,Table 3,row 4 | PA | SE,1.25,2,
table3.csv,4,NJ,Table 3,row 4 | NJ | estimate,0.47,2,
table3.csv,4,NJ_se,Table 3,row 4 | NJ | SE,0.48,2,
table3.csv,4,NJ_minus_PA,Table 3,row 4 | NJ_minus_PA | estimate,2.75,2,
table3.csv,4,NJ_minus_PA_se,Table 3,row 4 | NJ_minus_PA | SE,1.34,2,
table3.csv,4,NJ_low,Table 3,row 4 | NJ_low | estimate,1.21,2,
table3.csv,4,NJ_low_se,Table 3,row 4 | NJ_low | SE,0.82,2,
table3.csv,4,NJ_mid,Table 3,row 4 | NJ_mid | estimate,0.71,2,
table3.csv,4,NJ_mid_se,Table 3,row 4 | NJ_mid | SE,0.69,2,
table3.csv,4,NJ_high,Table 3,row 4 | NJ_high | estimate,-2.16,2,
table3.csv,4,NJ_high_se,Table 3,row 4 | NJ_high | SE,1.01,2,
table3.csv,4,low_minus_high,Table 3,row 4 | low_minus_high | estimate,3.36,2,
table3.csv,4,low_minus_high_se,Table 3,row 4 | low_minus_high | SE,1.3,2,
table3.csv,4,mid_minus_high,Table 3,row 4 | mid_minus_high | estimate,2.87,2,
table3.csv,4,mid_minus_high_se,Table 3,row 4 | mid_minus_high | SE,1.22,2,
table3.csv,5,PA,Table 3,row 5 | PA | estimate,-2.28,2,
table3.csv,5,PA_se,Table 3,row 5 | PA | SE,1.25,2,
table3.csv,5,NJ,Table 3,row 5 | NJ | estimate,0.23,2,
table3.csv,5,NJ_se,Table 3,row 5 | NJ | SE,0.49,2,
table3.csv,5,NJ_minus_PA,Table 3,row 5 | NJ_minus_PA | estimate,2.51,2,
table3.csv,5,NJ_minus_PA_se,Table 3,row 5 | NJ_minus_PA | SE,1.35,2,
table3.csv,5,NJ_low,Table 3,row 5 | NJ_low | estimate,0.9,2,
table3.csv,5,NJ_low_se,Table 3,row 5 | NJ_low | SE,0.87,2,
table3.csv,5,NJ_mid,Table 3,row 5 | NJ_mid | estimate,0.49,2,
table3.csv,5,NJ_mid_se,Table 3,row 5 | NJ_mid | SE,0.69,2,
table3.csv,5,NJ_high,Table 3,row 5 | NJ_high | estimate,-2.39,2,
table3.csv,5,NJ_high_se,Table 3,row 5 | NJ_high | SE,1.02,2,
table3.csv,5,low_minus_high,Table 3,row 5 | low_minus_high | estimate,3.29,2,
table3.csv,5,low_minus_high_se,Table 3,row 5 | low_minus_high | SE,1.34,2,
table3.csv,5,mid_minus_high,Table 3,row 5 | mid_minus_high | estimate,2.88,2,
table3.csv,5,mid_minus_high_se,Table 3,row 5 | mid_minus_high | SE,1.23,2,
table4.csv,1,estimate,Table 4,model i | estimate,2.33,2,
table4.csv,1,std_error,Table 4,model i | SE,1.19,2,
table4.csv,1,regression_SE,Table 4,model i | regression SE,8.79,2,
table4.csv,2,estimate,Table 4,model ii | estimate,2.3,2,
table4.csv,2,std_error,Table 4,model ii | SE,1.2,2,
table4.csv,2,regression_SE,Table 4,model ii | regression SE,8.78,2,
table4.csv,2,joint_p_controls,Table 4,model ii | p controls,0.34,2,
table4.csv,3,estimate,Table 4,model iii | estimate,15.65,2,
table4.csv,3,std_error,Table 4,model iii | SE,6.08,2,
table4.csv,3,regression_SE,Table 4,model iii | regression SE,8.76,2,
table4.csv,4,estimate,Table 4,model iv | estimate,14.92,2,
table4.csv,4,std_error,Table 4,model iv | SE,6.21,2,
table4.csv,4,regression_SE,Table 4,model iv | regression SE,8.76,2,
table4.csv,4,joint_p_controls,Table 4,model iv | p controls,0.44,2,
table4.csv,5,estimate,Table 4,model v | estimate,11.91,2,table note includes ownership; supplied check.sas omits it and matches printed coefficient
table4.csv,5,std_error,Table 4,model v | SE,7.39,2,table note includes ownership; supplied check.sas omits it and matches printed coefficient
table4.csv,5,regression_SE,Table 4,model v | regression SE,8.75,2,
table4.csv,5,joint_p_controls,Table 4,model v | p controls,0.4,2,table note includes ownership; supplied check.sas omits it and matches printed coefficient
table5.csv,1,change_NJ,Table 5,spec 1 | change_NJ,2.3,2,
table5.csv,1,change_NJ_se,Table 5,spec 1 | change_NJ_se,1.19,2,
table5.csv,1,change_GAP,Table 5,spec 1 | change_GAP,14.92,2,
table5.csv,1,change_GAP_se,Table 5,spec 1 | change_GAP_se,6.21,2,
table5.csv,1,proportional_NJ,Table 5,spec 1 | proportional_NJ,0.05,2,
table5.csv,1,proportional_NJ_se,Table 5,spec 1 | proportional_NJ_se,0.05,2,
table5.csv,1,proportional_GAP,Table 5,spec 1 | proportional_GAP,0.34,2,
table5.csv,1,proportional_GAP_se,Table 5,spec 1 | proportional_GAP_se,0.26,2,
table5.csv,2,change_NJ,Table 5,spec 2 | change_NJ,2.2,2,released data produce 2.03 rather than printed 2.20 for the NJ coefficient
table5.csv,2,change_NJ_se,Table 5,spec 2 | change_NJ_se,1.21,2,released data produce 2.03 rather than printed 2.20 for the NJ coefficient
table5.csv,2,change_GAP,Table 5,spec 2 | change_GAP,14.42,2,released data produce 2.03 rather than printed 2.20 for the NJ coefficient
table5.csv,2,change_GAP_se,Table 5,spec 2 | change_GAP_se,6.31,2,released data produce 2.03 rather than printed 2.20 for the NJ coefficient
table5.csv,2,proportional_NJ,Table 5,spec 2 | proportional_NJ,0.04,2,released data produce 2.03 rather than printed 2.20 for the NJ coefficient
table5.csv,2,proportional_NJ_se,Table 5,spec 2 | proportional_NJ_se,0.05,2,released data produce 2.03 rather than printed 2.20 for the NJ coefficient
table5.csv,2,proportional_GAP,Table 5,spec 2 | proportional_GAP,0.34,2,released data produce 2.03 rather than printed 2.20 for the NJ coefficient
table5.csv,2,proportional_GAP_se,Table 5,spec 2 | proportional_GAP_se,0.27,2,released data produce 2.03 rather than printed 2.20 for the NJ coefficient
table5.csv,3,change_NJ,Table 5,spec 3 | change_NJ,2.34,2,
table5.csv,3,change_NJ_se,Table 5,spec 3 | change_NJ_se,1.17,2,
table5.csv,3,change_GAP,Table 5,spec 3 | change_GAP,14.69,2,
table5.csv,3,change_GAP_se,Table 5,spec 3 | change_GAP_se,6.05,2,
table5.csv,3,proportional_NJ,Table 5,spec 3 | proportional_NJ,0.05,2,
table5.csv,3,proportional_NJ_se,Table 5,spec 3 | proportional_NJ_se,0.07,2,
table5.csv,3,proportional_GAP,Table 5,spec 3 | proportional_GAP,0.28,2,
table5.csv,3,proportional_GAP_se,Table 5,spec 3 | proportional_GAP_se,0.34,2,
table5.csv,4,change_NJ,Table 5,spec 4 | change_NJ,2.34,2,
table5.csv,4,change_NJ_se,Table 5,spec 4 | change_NJ_se,1.2,2,
table5.csv,4,change_GAP,Table 5,spec 4 | change_GAP,15.23,2,
table5.csv,4,change_GAP_se,Table 5,spec 4 | change_GAP_se,6.23,2,
table5.csv,4,proportional_NJ,Table 5,spec 4 | proportional_NJ,0.06,2,
table5.csv,4,proportional_NJ_se,Table 5,spec 4 | proportional_NJ_se,0.06,2,
table5.csv,4,proportional_GAP,Table 5,spec 4 | proportional_GAP,0.3,2,
table5.csv,4,proportional_GAP_se,Table 5,spec 4 | proportional_GAP_se,0.33,2,
table5.csv,5,change_NJ,Table 5,spec 5 | change_NJ,2.27,2,
table5.csv,5,change_NJ_se,Table 5,spec 5 | change_NJ_se,1.21,2,
table5.csv,5,change_GAP,Table 5,spec 5 | change_GAP,14.6,2,
table5.csv,5,change_GAP_se,Table 5,spec 5 | change_GAP_se,6.26,2,
table5.csv,5,proportional_NJ,Table 5,spec 5 | proportional_NJ,0.04,2,
table5.csv,5,proportional_NJ_se,Table 5,spec 5 | proportional_NJ_se,0.06,2,
table5.csv,5,proportional_GAP,Table 5,spec 5 | proportional_GAP,0.17,2,
table5.csv,5,proportional_GAP_se,Table 5,spec 5 | proportional_GAP_se,0.29,2,
table5.csv,6,change_NJ,Table 5,spec 6 | change_NJ,2.58,2,
table5.csv,6,change_NJ_se,Table 5,spec 6 | change_NJ_se,1.19,2,
table5.csv,6,change_GAP,Table 5,spec 6 | change_GAP,16.88,2,
table5.csv,6,change_GAP_se,Table 5,spec 6 | change_GAP_se,6.36,2,
table5.csv,6,proportional_NJ,Table 5,spec 6 | proportional_NJ,0.06,2,
table5.csv,6,proportional_NJ_se,Table 5,spec 6 | proportional_NJ_se,0.05,2,
table5.csv,6,proportional_GAP,Table 5,spec 6 | proportional_GAP,0.42,2,
table5.csv,6,proportional_GAP_se,Table 5,spec 6 | proportional_GAP_se,0.27,2,
table5.csv,7,change_NJ,Table 5,spec 7 | change_NJ,2.27,2,"period bins: Nov 5-11, Nov 12-19, Dec 9-15, Dec 16-31; one 1991 date typo corrected to 1992"
table5.csv,7,change_NJ_se,Table 5,spec 7 | change_NJ_se,1.2,2,"period bins: Nov 5-11, Nov 12-19, Dec 9-15, Dec 16-31; one 1991 date typo corrected to 1992"
table5.csv,7,change_GAP,Table 5,spec 7 | change_GAP,15.79,2,"period bins: Nov 5-11, Nov 12-19, Dec 9-15, Dec 16-31; one 1991 date typo corrected to 1992"
table5.csv,7,change_GAP_se,Table 5,spec 7 | change_GAP_se,6.24,2,"period bins: Nov 5-11, Nov 12-19, Dec 9-15, Dec 16-31; one 1991 date typo corrected to 1992"
table5.csv,7,proportional_NJ,Table 5,spec 7 | proportional_NJ,0.05,2,"period bins: Nov 5-11, Nov 12-19, Dec 9-15, Dec 16-31; one 1991 date typo corrected to 1992"
table5.csv,7,proportional_NJ_se,Table 5,spec 7 | proportional_NJ_se,0.05,2,"period bins: Nov 5-11, Nov 12-19, Dec 9-15, Dec 16-31; one 1991 date typo corrected to 1992"
table5.csv,7,proportional_GAP,Table 5,spec 7 | proportional_GAP,0.4,2,"period bins: Nov 5-11, Nov 12-19, Dec 9-15, Dec 16-31; one 1991 date typo corrected to 1992"
table5.csv,7,proportional_GAP_se,Table 5,spec 7 | proportional_GAP_se,0.26,2,"period bins: Nov 5-11, Nov 12-19, Dec 9-15, Dec 16-31; one 1991 date typo corrected to 1992"
table5.csv,8,change_NJ,Table 5,spec 8 | change_NJ,2.41,2,
table5.csv,8,change_NJ_se,Table 5,spec 8 | change_NJ_se,1.28,2,
table5.csv,8,change_GAP,Table 5,spec 8 | change_GAP,14.08,2,
table5.csv,8,change_GAP_se,Table 5,spec 8 | change_GAP_se,7.11,2,
table5.csv,8,proportional_NJ,Table 5,spec 8 | proportional_NJ,0.05,2,
table5.csv,8,proportional_NJ_se,Table 5,spec 8 | proportional_NJ_se,0.05,2,
table5.csv,8,proportional_GAP,Table 5,spec 8 | proportional_GAP,0.31,2,
table5.csv,8,proportional_GAP_se,Table 5,spec 8 | proportional_GAP_se,0.29,2,
table5.csv,9,proportional_NJ,Table 5,spec 9 | proportional_NJ,0.13,2,
table5.csv,9,proportional_NJ_se,Table 5,spec 9 | proportional_NJ_se,0.05,2,
table5.csv,9,proportional_GAP,Table 5,spec 9 | proportional_GAP,0.81,2,
table5.csv,9,proportional_GAP_se,Table 5,spec 9 | proportional_GAP_se,0.26,2,
table5.csv,10,change_GAP,Table 5,spec 10 | change_GAP,33.75,2,not reproducible: three-digit ZIP codes used for this subsample are absent from public.dat
table5.csv,10,change_GAP_se,Table 5,spec 10 | change_GAP_se,16.75,2,not reproducible: three-digit ZIP codes used for this subsample are absent from public.dat
table5.csv,10,proportional_GAP,Table 5,spec 10 | proportional_GAP,0.9,2,not reproducible: three-digit ZIP codes used for this subsample are absent from public.dat
table5.csv,10,proportional_GAP_se,Table 5,spec 10 | proportional_GAP_se,0.74,2,not reproducible: three-digit ZIP codes used for this subsample are absent from public.dat
table5.csv,11,change_GAP,Table 5,spec 11 | change_GAP,10.91,2,not reproducible: three-digit ZIP codes used for this subsample are absent from public.dat
table5.csv,11,change_GAP_se,Table 5,spec 11 | change_GAP_se,14.09,2,not reproducible: three-digit ZIP codes used for this subsample are absent from public.dat
table5.csv,11,proportional_GAP,Table 5,spec 11 | proportional_GAP,0.21,2,not reproducible: three-digit ZIP codes used for this subsample are absent from public.dat
table5.csv,11,proportional_GAP_se,Table 5,spec 11 | proportional_GAP_se,0.7,2,not reproducible: three-digit ZIP codes used for this subsample are absent from public.dat
table5.csv,12,change_GAP,Table 5,spec 12 | change_GAP,-0.3,2,PA wage gap redefined as increase required to reach $5.05
table5.csv,12,change_GAP_se,Table 5,spec 12 | change_GAP_se,22.0,2,PA wage gap redefined as increase required to reach $5.05
table5.csv,12,proportional_GAP,Table 5,spec 12 | proportional_GAP,-0.33,2,PA wage gap redefined as increase required to reach $5.05
table5.csv,12,proportional_GAP_se,Table 5,spec 12 | proportional_GAP_se,0.74,2,PA wage gap redefined as increase required to reach $5.05
table6.csv,1,NJ_mean_change,Table 6,Fraction full-time workers (percentage) | NJ_mean_change,2.64,2,released-data GAP regressions differ for several outcomes
table6.csv,1,NJ_mean_se,Table 6,Fraction full-time workers (percentage) | NJ_mean_se,1.71,2,released-data GAP regressions differ for several outcomes
table6.csv,1,PA_mean_change,Table 6,Fraction full-time workers (percentage) | PA_mean_change,-4.65,2,released-data GAP regressions differ for several outcomes
table6.csv,1,PA_mean_se,Table 6,Fraction full-time workers (percentage) | PA_mean_se,3.8,2,released-data GAP regressions differ for several outcomes
table6.csv,1,NJ_minus_PA,Table 6,Fraction full-time workers (percentage) | NJ_minus_PA,7.29,2,released-data GAP regressions differ for several outcomes
table6.csv,1,NJ_minus_PA_se,Table 6,Fraction full-time workers (percentage) | NJ_minus_PA_se,4.17,2,released-data GAP regressions differ for several outcomes
table6.csv,1,NJ_dummy,Table 6,Fraction full-time workers (percentage) | NJ_dummy,7.3,2,released-data GAP regressions differ for several outcomes
table6.csv,1,NJ_dummy_se,Table 6,Fraction full-time workers (percentage) | NJ_dummy_se,3.96,2,released-data GAP regressions differ for several outcomes
table6.csv,1,GAP,Table 6,Fraction full-time workers (percentage) | GAP,33.64,2,released-data GAP regressions differ for several outcomes
table6.csv,1,GAP_se,Table 6,Fraction full-time workers (percentage) | GAP_se,20.95,2,released-data GAP regressions differ for several outcomes
table6.csv,1,GAP_with_regions,Table 6,Fraction full-time workers (percentage) | GAP_with_regions,20.28,2,released-data GAP regressions differ for several outcomes
table6.csv,1,GAP_with_regions_se,Table 6,Fraction full-time workers (percentage) | GAP_with_regions_se,24.34,2,released-data GAP regressions differ for several outcomes
table6.csv,2,NJ_mean_change,Table 6,Number of hours open per weekday | NJ_mean_change,-0.0,2,released-data GAP regressions differ for several outcomes
table6.csv,2,NJ_mean_se,Table 6,Number of hours open per weekday | NJ_mean_se,0.06,2,released-data GAP regressions differ for several outcomes
table6.csv,2,PA_mean_change,Table 6,Number of hours open per weekday | PA_mean_change,0.11,2,released-data GAP regressions differ for several outcomes
table6.csv,2,PA_mean_se,Table 6,Number of hours open per weekday | PA_mean_se,0.08,2,released-data GAP regressions differ for several outcomes
table6.csv,2,NJ_minus_PA,Table 6,Number of hours open per weekday | NJ_minus_PA,-0.11,2,released-data GAP regressions differ for several outcomes
table6.csv,2,NJ_minus_PA_se,Table 6,Number of hours open per weekday | NJ_minus_PA_se,0.1,2,released-data GAP regressions differ for several outcomes
table6.csv,2,NJ_dummy,Table 6,Number of hours open per weekday | NJ_dummy,-0.11,2,released-data GAP regressions differ for several outcomes
table6.csv,2,NJ_dummy_se,Table 6,Number of hours open per weekday | NJ_dummy_se,0.12,2,released-data GAP regressions differ for several outcomes
table6.csv,2,GAP,Table 6,Number of hours open per weekday | GAP,-0.24,2,released-data GAP regressions differ for several outcomes
table6.csv,2,GAP_se,Table 6,Number of hours open per weekday | GAP_se,0.65,2,released-data GAP regressions differ for several outcomes
table6.csv,2,GAP_with_regions,Table 6,Number of hours open per weekday | GAP_with_regions,0.04,2,released-data GAP regressions differ for several outcomes
table6.csv,2,GAP_with_regions_se,Table 6,Number of hours open per weekday | GAP_with_regions_se,0.76,2,released-data GAP regressions differ for several outcomes
table6.csv,3,NJ_mean_change,Table 6,Number of cash registers | NJ_mean_change,-0.04,2,released-data GAP regressions differ for several outcomes
table6.csv,3,NJ_mean_se,Table 6,Number of cash registers | NJ_mean_se,0.04,2,released-data GAP regressions differ for several outcomes
table6.csv,3,PA_mean_change,Table 6,Number of cash registers | PA_mean_change,0.13,2,released-data GAP regressions differ for several outcomes
table6.csv,3,PA_mean_se,Table 6,Number of cash registers | PA_mean_se,0.1,2,released-data GAP regressions differ for several outcomes
table6.csv,3,NJ_minus_PA,Table 6,Number of cash registers | NJ_minus_PA,-0.17,2,released-data GAP regressions differ for several outcomes
table6.csv,3,NJ_minus_PA_se,Table 6,Number of cash registers | NJ_minus_PA_se,0.11,2,released-data GAP regressions differ for several outcomes
table6.csv,3,NJ_dummy,Table 6,Number of cash registers | NJ_dummy,-0.18,2,released-data GAP regressions differ for several outcomes
table6.csv,3,NJ_dummy_se,Table 6,Number of cash registers | NJ_dummy_se,0.1,2,released-data GAP regressions differ for several outcomes
table6.csv,3,GAP,Table 6,Number of cash registers | GAP,-0.31,2,released-data GAP regressions differ for several outcomes
table6.csv,3,GAP_se,Table 6,Number of cash registers | GAP_se,0.53,2,released-data GAP regressions differ for several outcomes
table6.csv,3,GAP_with_regions,Table 6,Number of cash registers | GAP_with_regions,0.29,2,released-data GAP regressions differ for several outcomes
table6.csv,3,GAP_with_regions_se,Table 6,Number of cash registers | GAP_with_regions_se,0.62,2,released-data GAP regressions differ for several outcomes
table6.csv,4,NJ_mean_change,Table 6,Number of cash registers open at 11:00 A.M. | NJ_mean_change,-0.03,2,released-data GAP regressions differ for several outcomes
table6.csv,4,NJ_mean_se,Table 6,Number of cash registers open at 11:00 A.M. | NJ_mean_se,0.05,2,released-data GAP regressions differ for several outcomes
table6.csv,4,PA_mean_change,Table 6,Number of cash registers open at 11:00 A.M. | PA_mean_change,-0.2,2,released-data GAP regressions differ for several outcomes
table6.csv,4,PA_mean_se,Table 6,Number of cash registers open at 11:00 A.M. | PA_mean_se,0.08,2,released-data GAP regressions differ for several outcomes
table6.csv,4,NJ_minus_PA,Table 6,Number of cash registers open at 11:00 A.M. | NJ_minus_PA,0.17,2,released-data GAP regressions differ for several outcomes
table6.csv,4,NJ_minus_PA_se,Table 6,Number of cash registers open at 11:00 A.M. | NJ_minus_PA_se,0.1,2,released-data GAP regressions differ for several outcomes
table6.csv,4,NJ_dummy,Table 6,Number of cash registers open at 11:00 A.M. | NJ_dummy,0.17,2,released-data GAP regressions differ for several outcomes
table6.csv,4,NJ_dummy_se,Table 6,Number of cash registers open at 11:00 A.M. | NJ_dummy_se,0.12,2,released-data GAP regressions differ for several outcomes
table6.csv,4,GAP,Table 6,Number of cash registers open at 11:00 A.M. | GAP,0.15,2,released-data GAP regressions differ for several outcomes
table6.csv,4,GAP_se,Table 6,Number of cash registers open at 11:00 A.M. | GAP_se,0.62,2,released-data GAP regressions differ for several outcomes
table6.csv,4,GAP_with_regions,Table 6,Number of cash registers open at 11:00 A.M. | GAP_with_regions,-0.47,2,released-data GAP regressions differ for several outcomes
table6.csv,4,GAP_with_regions_se,Table 6,Number of cash registers open at 11:00 A.M. | GAP_with_regions_se,0.74,2,released-data GAP regressions differ for several outcomes
table6.csv,5,NJ_mean_change,Table 6,Low-price meal program (percentage) | NJ_mean_change,-4.67,2,released-data GAP regressions differ for several outcomes
table6.csv,5,NJ_mean_se,Table 6,Low-price meal program (percentage) | NJ_mean_se,2.65,2,released-data GAP regressions differ for several outcomes
table6.csv,5,PA_mean_change,Table 6,Low-price meal program (percentage) | PA_mean_change,-1.28,2,released-data GAP regressions differ for several outcomes
table6.csv,5,PA_mean_se,Table 6,Low-price meal program (percentage) | PA_mean_se,3.86,2,released-data GAP regressions differ for several outcomes
table6.csv,5,NJ_minus_PA,Table 6,Low-price meal program (percentage) | NJ_minus_PA,-3.39,2,released-data GAP regressions differ for several outcomes
table6.csv,5,NJ_minus_PA_se,Table 6,Low-price meal program (percentage) | NJ_minus_PA_se,4.68,2,released-data GAP regressions differ for several outcomes
table6.csv,5,NJ_dummy,Table 6,Low-price meal program (percentage) | NJ_dummy,-2.01,2,released-data GAP regressions differ for several outcomes
table6.csv,5,NJ_dummy_se,Table 6,Low-price meal program (percentage) | NJ_dummy_se,5.63,2,released-data GAP regressions differ for several outcomes
table6.csv,5,GAP,Table 6,Low-price meal program (percentage) | GAP,-30.31,2,released-data GAP regressions differ for several outcomes
table6.csv,5,GAP_se,Table 6,Low-price meal program (percentage) | GAP_se,29.8,2,released-data GAP regressions differ for several outcomes
table6.csv,5,GAP_with_regions,Table 6,Low-price meal program (percentage) | GAP_with_regions,-33.15,2,released-data GAP regressions differ for several outcomes
table6.csv,5,GAP_with_regions_se,Table 6,Low-price meal program (percentage) | GAP_with_regions_se,35.04,2,released-data GAP regressions differ for several outcomes
table6.csv,6,NJ_mean_change,Table 6,Free meal program (percentage) | NJ_mean_change,8.41,2,released-data GAP regressions differ for several outcomes
table6.csv,6,NJ_mean_se,Table 6,Free meal program (percentage) | NJ_mean_se,2.17,2,released-data GAP regressions differ for several outcomes
table6.csv,6,PA_mean_change,Table 6,Free meal program (percentage) | PA_mean_change,6.41,2,released-data GAP regressions differ for several outcomes
table6.csv,6,PA_mean_se,Table 6,Free meal program (percentage) | PA_mean_se,3.33,2,released-data GAP regressions differ for several outcomes
table6.csv,6,NJ_minus_PA,Table 6,Free meal program (percentage) | NJ_minus_PA,2.0,2,released-data GAP regressions differ for several outcomes
table6.csv,6,NJ_minus_PA_se,Table 6,Free meal program (percentage) | NJ_minus_PA_se,3.97,2,released-data GAP regressions differ for several outcomes
table6.csv,6,NJ_dummy,Table 6,Free meal program (percentage) | NJ_dummy,0.49,2,released-data GAP regressions differ for several outcomes
table6.csv,6,NJ_dummy_se,Table 6,Free meal program (percentage) | NJ_dummy_se,4.5,2,released-data GAP regressions differ for several outcomes
table6.csv,6,GAP,Table 6,Free meal program (percentage) | GAP,29.9,2,released-data GAP regressions differ for several outcomes
table6.csv,6,GAP_se,Table 6,Free meal program (percentage) | GAP_se,23.75,2,released-data GAP regressions differ for several outcomes
table6.csv,6,GAP_with_regions,Table 6,Free meal program (percentage) | GAP_with_regions,36.91,2,released-data GAP regressions differ for several outcomes
table6.csv,6,GAP_with_regions_se,Table 6,Free meal program (percentage) | GAP_with_regions_se,27.9,2,released-data GAP regressions differ for several outcomes
table6.csv,7,NJ_mean_change,Table 6,Combination of low-price and free meals (percentage) | NJ_mean_change,-4.04,2,released-data GAP regressions differ for several outcomes
table6.csv,7,NJ_mean_se,Table 6,Combination of low-price and free meals (percentage) | NJ_mean_se,1.98,2,released-data GAP regressions differ for several outcomes
table6.csv,7,PA_mean_change,Table 6,Combination of low-price and free meals (percentage) | PA_mean_change,-5.13,2,released-data GAP regressions differ for several outcomes
table6.csv,7,PA_mean_se,Table 6,Combination of low-price and free meals (percentage) | PA_mean_se,3.11,2,released-data GAP regressions differ for several outcomes
table6.csv,7,NJ_minus_PA,Table 6,Combination of low-price and free meals (percentage) | NJ_minus_PA,1.09,2,released-data GAP regressions differ for several outcomes
table6.csv,7,NJ_minus_PA_se,Table 6,Combination of low-price and free meals (percentage) | NJ_minus_PA_se,3.69,2,released-data GAP regressions differ for several outcomes
table6.csv,7,NJ_dummy,Table 6,Combination of low-price and free meals (percentage) | NJ_dummy,1.2,2,released-data GAP regressions differ for several outcomes
table6.csv,7,NJ_dummy_se,Table 6,Combination of low-price and free meals (percentage) | NJ_dummy_se,4.32,2,released-data GAP regressions differ for several outcomes
table6.csv,7,GAP,Table 6,Combination of low-price and free meals (percentage) | GAP,-11.87,2,released-data GAP regressions differ for several outcomes
table6.csv,7,GAP_se,Table 6,Combination of low-price and free meals (percentage) | GAP_se,22.87,2,released-data GAP regressions differ for several outcomes
table6.csv,7,GAP_with_regions,Table 6,Combination of low-price and free meals (percentage) | GAP_with_regions,-19.19,2,released-data GAP regressions differ for several outcomes
table6.csv,7,GAP_with_regions_se,Table 6,Combination of low-price and free meals (percentage) | GAP_with_regions_se,26.81,2,released-data GAP regressions differ for several outcomes
table6.csv,8,NJ_mean_change,Table 6,Time to first raise (weeks) | NJ_mean_change,3.77,2,released-data GAP regressions differ for several outcomes
table6.csv,8,NJ_mean_se,Table 6,Time to first raise (weeks) | NJ_mean_se,0.89,2,released-data GAP regressions differ for several outcomes
table6.csv,8,PA_mean_change,Table 6,Time to first raise (weeks) | PA_mean_change,1.26,2,released-data GAP regressions differ for several outcomes
table6.csv,8,PA_mean_se,Table 6,Time to first raise (weeks) | PA_mean_se,1.97,2,released-data GAP regressions differ for several outcomes
table6.csv,8,NJ_minus_PA,Table 6,Time to first raise (weeks) | NJ_minus_PA,2.51,2,released-data GAP regressions differ for several outcomes
table6.csv,8,NJ_minus_PA_se,Table 6,Time to first raise (weeks) | NJ_minus_PA_se,2.16,2,released-data GAP regressions differ for several outcomes
table6.csv,8,NJ_dummy,Table 6,Time to first raise (weeks) | NJ_dummy,2.21,2,released-data GAP regressions differ for several outcomes
table6.csv,8,NJ_dummy_se,Table 6,Time to first raise (weeks) | NJ_dummy_se,2.03,2,released-data GAP regressions differ for several outcomes
table6.csv,8,GAP,Table 6,Time to first raise (weeks) | GAP,4.02,2,released-data GAP regressions differ for several outcomes
table6.csv,8,GAP_se,Table 6,Time to first raise (weeks) | GAP_se,10.81,2,released-data GAP regressions differ for several outcomes
table6.csv,8,GAP_with_regions,Table 6,Time to first raise (weeks) | GAP_with_regions,-5.1,2,released-data GAP regressions differ for several outcomes
table6.csv,8,GAP_with_regions_se,Table 6,Time to first raise (weeks) | GAP_with_regions_se,12.74,2,released-data GAP regressions differ for several outcomes
table6.csv,9,NJ_mean_change,Table 6,Usual amount of first raise (dollars) | NJ_mean_change,-0.01,2,released-data GAP regressions differ for several outcomes
table6.csv,9,NJ_mean_se,Table 6,Usual amount of first raise (dollars) | NJ_mean_se,0.01,2,released-data GAP regressions differ for several outcomes
table6.csv,9,PA_mean_change,Table 6,Usual amount of first raise (dollars) | PA_mean_change,-0.02,2,released-data GAP regressions differ for several outcomes
table6.csv,9,PA_mean_se,Table 6,Usual amount of first raise (dollars) | PA_mean_se,0.02,2,released-data GAP regressions differ for several outcomes
table6.csv,9,NJ_minus_PA,Table 6,Usual amount of first raise (dollars) | NJ_minus_PA,0.01,2,released-data GAP regressions differ for several outcomes
table6.csv,9,NJ_minus_PA_se,Table 6,Usual amount of first raise (dollars) | NJ_minus_PA_se,0.02,2,released-data GAP regressions differ for several outcomes
table6.csv,9,NJ_dummy,Table 6,Usual amount of first raise (dollars) | NJ_dummy,0.01,2,released-data GAP regressions differ for several outcomes
table6.csv,9,NJ_dummy_se,Table 6,Usual amount of first raise (dollars) | NJ_dummy_se,0.02,2,released-data GAP regressions differ for several outcomes
table6.csv,9,GAP,Table 6,Usual amount of first raise (dollars) | GAP,0.03,2,released-data GAP regressions differ for several outcomes
table6.csv,9,GAP_se,Table 6,Usual amount of first raise (dollars) | GAP_se,0.11,2,released-data GAP regressions differ for several outcomes
table6.csv,9,GAP_with_regions,Table 6,Usual amount of first raise (dollars) | GAP_with_regions,0.03,2,released-data GAP regressions differ for several outcomes
table6.csv,9,GAP_with_regions_se,Table 6,Usual amount of first raise (dollars) | GAP_with_regions_se,0.11,2,released-data GAP regressions differ for several outcomes
table6.csv,10,NJ_mean_change,Table 6,Slope of wage profile (percent per week) | NJ_mean_change,-0.1,2,released-data GAP regressions differ for several outcomes
table6.csv,10,NJ_mean_se,Table 6,Slope of wage profile (percent per week) | NJ_mean_se,0.04,2,released-data GAP regressions differ for several outcomes
table6.csv,10,PA_mean_change,Table 6,Slope of wage profile (percent per week) | PA_mean_change,-0.11,2,released-data GAP regressions differ for several outcomes
table6.csv,10,PA_mean_se,Table 6,Slope of wage profile (percent per week) | PA_mean_se,0.09,2,released-data GAP regressions differ for several outcomes
table6.csv,10,NJ_minus_PA,Table 6,Slope of wage profile (percent per week) | NJ_minus_PA,0.01,2,released-data GAP regressions differ for several outcomes
table6.csv,10,NJ_minus_PA_se,Table 6,Slope of wage profile (percent per week) | NJ_minus_PA_se,0.1,2,released-data GAP regressions differ for several outcomes
table6.csv,10,NJ_dummy,Table 6,Slope of wage profile (percent per week) | NJ_dummy,0.01,2,released-data GAP regressions differ for several outcomes
table6.csv,10,NJ_dummy_se,Table 6,Slope of wage profile (percent per week) | NJ_dummy_se,0.1,2,released-data GAP regressions differ for several outcomes
table6.csv,10,GAP,Table 6,Slope of wage profile (percent per week) | GAP,-0.09,2,released-data GAP regressions differ for several outcomes
table6.csv,10,GAP_se,Table 6,Slope of wage profile (percent per week) | GAP_se,0.56,2,released-data GAP regressions differ for several outcomes
table6.csv,10,GAP_with_regions,Table 6,Slope of wage profile (percent per week) | GAP_with_regions,-0.08,2,released-data GAP regressions differ for several outcomes
table6.csv,10,GAP_with_regions_se,Table 6,Slope of wage profile (percent per week) | GAP_with_regions_se,0.57,2,released-data GAP regressions differ for several outcomes
table7.csv,1,estimate,Table 7,model i | estimate,0.033,3,released file gives 317 observations; paper reports 315
table7.csv,1,std_error,Table 7,model i | SE,0.014,3,released file gives 317 observations; paper reports 315
table7.csv,1,regression_SE,Table 7,model i | regression SE,0.101,3,released file gives 317 observations; paper reports 315
table7.csv,2,estimate,Table 7,model ii | estimate,0.037,3,released file gives 317 observations; paper reports 315
table7.csv,2,std_error,Table 7,model ii | SE,0.014,3,released file gives 317 observations; paper reports 315
table7.csv,2,regression_SE,Table 7,model ii | regression SE,0.097,3,released file gives 317 observations; paper reports 315
table7.csv,3,estimate,Table 7,model iii | estimate,0.077,3,released file gives 317 observations; paper reports 315
table7.csv,3,std_error,Table 7,model iii | SE,0.075,3,released file gives 317 observations; paper reports 315
table7.csv,3,regression_SE,Table 7,model iii | regression SE,0.102,3,released file gives 317 observations; paper reports 315
table7.csv,4,estimate,Table 7,model iv | estimate,0.146,3,released file gives 317 observations; paper reports 315
table7.csv,4,std_error,Table 7,model iv | SE,0.074,3,released file gives 317 observations; paper reports 315
table7.csv,4,regression_SE,Table 7,model iv | regression SE,0.098,3,released file gives 317 observations; paper reports 315
table7.csv,5,estimate,Table 7,model v | estimate,0.063,3,released file gives 317 observations; paper reports 315
table7.csv,5,std_error,Table 7,model v | SE,0.089,3,released file gives 317 observations; paper reports 315
table7.csv,5,regression_SE,Table 7,model v | regression SE,0.097,3,released file gives 317 observations; paper reports 315
table7_summary.csv,1,n,Table 7,sample size,315.0,0,released file gives 317 complete observations
table7_summary.csv,1,dependent_mean,Table 7,dependent mean,0.0173,4,
table7_summary.csv,1,dependent_sd,Table 7,dependent SD,0.1017,4,
